{
    "batch_32": {
        "mean": [
            0.17591391503810883,
            0.17591531574726105,
            0.1759355366230011
        ],
        "std": [
            0.16847969591617584,
            0.1684800535440445,
            0.16849488019943237
        ]
    }
}